0.0,0.0,5.0,1.0701433641806513,0.1654222885624154,0.9929856635819349
0.0,0.0,5.0,1.0628680067135845,0.15320297189162252,0.9937131993286415
0.0,0.0,5.0,1.0915279105767974,0.2677471918110166,0.9908472089423203
0.0,0.0,5.0,1.0540005038363818,0.10613604020021669,0.9945999496163619
0.0,0.0,5.0,1.0720491893055029,0.1606628672648848,0.9927950810694497
0.0,0.0,5.0,1.0645678114673194,0.12075928638652698,0.993543218853268
0.0,0.0,5.0,1.078115509042867,0.17287890738314812,0.9921884490957134
0.0,0.0,5.0,1.0782415060977948,0.16390154242632468,0.9921758493902205
-0.0,0.0,5.0,1.0565726542082112,0.11571979344181732,0.994342734579179
-0.0,0.0,5.0,1.0671839123954796,0.14346805879406682,0.993281608760452
-0.0,0.0,5.0,1.0681614043327872,0.13638015587098498,0.9931838595667213
-0.0,0.0,5.0,1.0641933290354357,0.13715222010059952,0.9935806670964563
-0.0,0.0,5.0,1.0553831705513426,0.13854881606928432,0.9944616829448657
-0.0,0.0,5.0,1.0667904943939968,0.13072853480075255,0.9933209505606003
-0.0,0.0,5.0,1.080432766970197,0.13579351425840958,0.9919567233029802
-0.0,0.0,5.0,1.0628021343297804,0.1371812290345136,0.993719786567022
-0.0,0.0,5.0,1.0724434607672635,0.13885321655806493,0.9927556539232736
-0.0,-0.0,5.0,1.0727298750351835,0.16111227525901642,0.9927270124964818
-0.0,-0.0,5.0,1.0999862468605124,0.22645028457530902,0.9900013753139488
-0.0,-0.0,5.0,1.0627501604206546,0.1310829244439255,0.9937249839579346
-0.0,-0.0,5.0,1.1171820784197382,0.22244945889145656,0.9882817921580263
-0.0,-0.0,5.0,1.0632710605960591,0.12463984115535526,0.9936728939403942
-0.0,-0.0,5.0,1.0720062719202421,0.17376011565118973,0.9927993728079757
-0.0,-0.0,5.0,1.0604306195744624,0.11412487930267558,0.9939569380425537
-0.0,-0.0,5.0,1.0634897440225992,0.1282728489046533,0.9936510255977401
0.0,-0.0,5.0,1.077778021890321,0.15727787573992413,0.9922221978109679
0.0,-0.0,5.0,1.093469084646397,0.19451861635543147,0.9906530915353603
0.0,-0.0,5.0,1.0706135805614998,0.12788628281459458,0.9929386419438501
0.0,-0.0,5.0,1.0797330681665778,0.13252798117032114,0.9920266931833422
0.0,-0.0,5.0,1.080950372779236,0.18262759656101873,0.9919049627220764
0.0,-0.0,5.0,1.0655550580147204,0.13405305820853747,0.993444494198528
0.0,-0.0,5.0,1.0985872223416049,0.18211795314035367,0.9901412777658395
0.0,-0.0,5.0,1.0622071423940957,0.11760283097693132,0.9937792857605905
0.40949804,0.1490451,4.9809737,1.1336128998098272,0.18436339384258713,0.9866387100190173
0.33382586,0.28011316,4.9809737,1.09765827043286,0.23414357117588144,0.9902341729567141
0.28011316,0.33382586,4.9809737,1.1171808518691404,0.1948737675437229,0.988281914813086
0.21788935,0.37739545,4.9809737,1.0957137388250575,0.24513599591474125,0.9904286261174942
0.1490451,0.40949804,4.9809737,1.0878101749303895,0.23639902697446596,0.991218982506961
0.07567218,0.42915827,4.9809737,1.0843653101204218,0.16334122732175452,0.9915634689879578
-0.07567218,0.42915827,4.9809737,1.0791869680704764,0.1669938693390529,0.9920813031929523
-0.1490451,0.40949804,4.9809737,1.0587987318220422,0.1479553303636332,0.9941201268177957
-0.21788935,0.37739545,4.9809737,1.0472107220009381,0.1049065122249099,0.9952789277999061
-0.28011316,0.33382586,4.9809737,1.0798731293575983,0.20092336458021856,0.9920126870642403
-0.33382586,0.28011316,4.9809737,1.0384372133401738,0.10832588911816209,0.9961562786659826
-0.37739545,0.21788935,4.9809737,1.0516047596939941,0.11302509792840963,0.9948395240306006
-0.40949804,0.1490451,4.9809737,1.0462510506051863,0.12083933543964355,0.9953748949394814
-0.42915827,0.07567218,4.9809737,1.0411264235034114,0.09736290893767953,0.9958873576496587
-0.4357787,5.33675e-17,4.9809737,1.035709181095103,0.10031689983275256,0.9964290818904897
-0.42915827,-0.07567218,4.9809737,1.0343812123593616,0.088098586501856,0.9965618787640638
-0.40949804,-0.1490451,4.9809737,1.051596662253148,0.16221766825891776,0.9948403337746852
-0.37739545,-0.21788935,4.9809737,1.0268639814429077,0.08950946015611992,0.9973136018557092
-0.33382586,-0.28011316,4.9809737,1.042474825352626,0.10810864325605966,0.9957525174647375
-0.28011316,-0.33382586,4.9809737,1.0368390554945952,0.13843866013418032,0.9963160944505404
-0.21788935,-0.37739545,4.9809737,1.0339656817699785,0.14135563111210941,0.9966034318230023
-0.1490451,-0.40949804,4.9809737,1.072864922867848,0.15720132463546194,0.9927135077132153
-0.07567218,-0.42915827,4.9809737,1.0537376733072235,0.09927613113431646,0.9946262326692776
-8.005125e-17,-0.4357787,4.9809737,1.0608933715510296,0.13577178551427554,0.993910662844897
0.07567218,-0.42915827,4.9809737,1.0543087830490798,0.10335470216824533,0.9945691216950919
0.21788935,-0.37739545,4.9809737,1.0958451073395672,0.1762266881951728,0.9904154892660433
0.28011316,-0.33382586,4.9809737,1.1098533525694254,0.25933718517459153,0.9890146647430574
0.33382586,-0.28011316,4.9809737,1.1092772158670396,0.17275459840280227,0.9890722784132959
0.37739545,-0.21788935,4.9809737,1.107418915662423,0.17950780050624318,0.9892581084337577
0.40949804,-0.1490451,4.9809737,1.112117490536134,0.16014201236885553,0.9887882509463866
0.42915827,-0.07567218,4.9809737,1.101386125380827,0.15177608083331756,0.9898613874619173
0.8550504,0.15076844,4.924039,1.1871963696806318,0.2214295832530461,0.9812803630319369
0.8158796,0.29695588,4.924039,1.1569473771854195,0.26111021203969453,0.9843052622814581
0.15076844,0.8550504,4.924039,1.1698773825330522,0.28365106756588826,0.9830122617466948
5.316442e-17,0.8682409,4.924039,1.108327210969094,0.16640442970512714,0.9891672789030906
-0.15076844,0.8550504,4.924039,1.081778279905276,0.20586113432429157,0.9918221720094724
-0.29695588,0.8158796,4.924039,1.0836050752185882,0.2119058643273456,0.9916394924781411
-0.5580945,0.6651111,4.924039,1.0427465200186163,0.1095071954919774,0.9957253479981384
-0.6651111,0.5580945,4.924039,1.0389393559981042,0.10478929069388093,0.9961060644001896
-0.7519187,0.43412045,4.924039,1.0186835081727763,0.08587384375498767,0.9981316491827223
-0.8158796,0.29695588,4.924039,1.0334046466654614,0.10395152556810325,0.9966595353334539
-0.8550504,0.15076844,4.924039,1.01603321775667,0.07207278310352194,0.998396678224333
-0.8682409,1.0632884e-16,4.924039,1.0238328944299444,0.08090909905768541,0.9976167105570056
-0.8550504,-0.15076844,4.924039,1.0218734869815798,0.07481946001517407,0.997812651301842
-0.8158796,-0.29695588,4.924039,1.0220637742514633,0.07135475101752746,0.9977936225748536
-0.7519187,-0.43412045,4.924039,1.0292438857760757,0.080394965789635,0.9970756114223924
-0.6651111,-0.5580945,4.924039,1.0326157026990543,0.08896181546825334,0.9967384297300945
-0.5580945,-0.6651111,4.924039,1.0336280152585,0.0788880275577792,0.99663719847415
-0.43412045,-0.7519187,4.924039,1.0387479086223332,0.08582218453937608,0.9961252091377666
-0.29695588,-0.8158796,4.924039,1.0440404473954539,0.07702906116997535,0.9955959552604547
-0.15076844,-0.8550504,4.924039,1.0439968697318371,0.08065868794488848,0.9956003130268163
-1.5949326e-16,-0.8682409,4.924039,1.0667795937004196,0.09927855848410407,0.9933220406299581
0.15076844,-0.8550504,4.924039,1.063787964171244,0.10630833087332506,0.9936212035828756
0.29695588,-0.8158796,4.924039,1.0834957967431953,0.13501295367796404,0.9916504203256805
0.43412045,-0.7519187,4.924039,1.0572956390157495,0.25824573763433195,0.9942704360984251
0.8158796,-0.29695588,4.924039,1.161556286167531,0.21972179384167217,0.9838443713832469
0.44260663,1.2160517,4.829629,1.1865773913701676,0.26019380669439945,0.9813422608629832
-0.44260663,1.2160517,4.829629,1.0561305904472178,0.1288229910073269,0.9943869409552782
-0.64704764,1.1207193,4.829629,1.040915875422007,0.15696657534709696,0.9959084124577993
-0.83182836,0.99133444,4.829629,1.0409353934528864,0.10683165386317187,0.9959064606547112
-0.99133444,0.83182836,4.829629,1.0257086859835312,0.08940372478045483,0.9974291314016469
-1.1207193,0.64704764,4.829629,1.0260428282495477,0.08796875923395035,0.9973957171750453
-1.2160517,0.44260663,4.829629,1.028667176017106,0.0988967923118522,0.9971332823982895
-1.274435,0.22471727,4.829629,1.017873316909027,0.07044793457703938,0.9982126683090973
-1.2940953,1.5848096e-16,4.829629,1.0216747011464928,0.07007370976123445,0.9978325298853508
-1.274435,-0.22471727,4.829629,1.014412980595047,0.0651190646298709,0.9985587019404953
-1.2160517,-0.44260663,4.829629,1.022816247127797,0.07060211454964843,0.9977183752872204
-1.1207193,-0.64704764,4.829629,1.0192143251253898,0.07016559637216066,0.998078567487461
-0.99133444,-0.83182836,4.829629,1.0272499703310223,0.07428501033220125,0.9972750029668978
-0.83182836,-0.99133444,4.829629,1.0281732686581604,0.07389215850090672,0.9971826731341839
-0.64704764,-1.1207193,4.829629,1.037596977390333,0.07103456454425977,0.9962403022609667
-0.22471727,-1.274435,4.829629,1.0468532928468888,0.07714185707518749,0.9953146707153111
-2.3772144e-16,-1.2940953,4.829629,1.062478891351532,0.09170322722798971,0.9937521108648468
0.44260663,-1.2160517,4.829629,1.1188500572801086,0.1874905792893078,0.9881149942719892
1.1207193,-0.64704764,4.829629,1.251931511719887,0.2475356614285435,0.9748068488280113
1.2160517,-0.44260663,4.829629,1.2257239483200646,0.26183257989080666,0.9774276051679935
1.274435,-0.22471727,4.829629,1.2553452252510553,0.3013695540664101,0.9744654774748944
1.0471347e-16,1.7101008,4.698463,1.185882742656081,0.277857634568425,0.981411725734392
-0.5848889,1.606969,4.698463,1.066753161586991,0.13889399198549024,0.9933246838413009
-0.8550504,1.4809906,4.698463,1.0428563354675544,0.10987331959568053,0.9957143664532445
-1.0992316,1.3100132,4.698463,1.0297026349691119,0.08876016189787088,0.9970297365030888
-1.3100132,1.0992316,4.698463,1.0260829602610275,0.08452628792840414,0.9973917039738973
-1.4809906,0.8550504,4.698463,1.0201429648312246,0.07098516979752623,0.9979857035168775
-1.606969,0.5848889,4.698463,1.012051044328205,0.07222752055247658,0.9987948955671795
-1.6841204,0.29695588,4.698463,1.0182258990215352,0.06829097588159334,0.9981774100978464
-1.7101008,2.0942694e-16,4.698463,1.0135083758549797,0.06417070034635171,0.9986491624145021
-1.6841204,-0.29695588,4.698463,1.014144470050904,0.06675134362148247,0.9985855529949095
-1.606969,-0.5848889,4.698463,1.018790223232956,0.06193649519085788,0.9981209776767044
-1.4809906,-0.8550504,4.698463,1.0222674746827962,0.06387300835769719,0.9977732525317204
-1.3100132,-1.0992316,4.698463,1.0260730537675509,0.06288579785887155,0.997392694623245
-1.0992316,-1.3100132,4.698463,1.0319129196823638,0.06373959565713039,0.9968087080317636
-0.8550504,-1.4809906,4.698463,1.0363235237198085,0.0688782635548882,0.9963676476280192
-0.5848889,-1.606969,4.698463,1.0461051489620374,0.07177557982813608,0.9953894851037962
-0.29695588,-1.6841204,4.698463,1.1050306014957803,0.2552066163118516,0.989496939850422
-3.141404e-16,-1.7101008,4.698463,1.0625810565487956,0.07980054991722751,0.9937418943451204
0.29695588,-1.6841204,4.698463,1.081978721462171,0.12780070253172895,0.9918021278537829
0.8550504,-1.4809906,4.698463,1.1625655691410206,0.18478555279552958,0.9837434430858979
1.0992316,-1.3100132,4.698463,1.1901171565167714,0.16670277716771867,0.9809882843483229
1.2938952e-16,2.1130912,4.531539,1.1443864648337079,0.28320021489200337,0.9855613535166292
-0.36693445,2.0809886,4.531539,1.11714120090356,0.2787748355377038,0.9882858799096439
-0.7227198,1.9856563,4.531539,1.0911135330502546,0.20055384812632107,0.9908886466949746
-1.0565456,1.8299907,4.531539,1.0496026211600205,0.13003637053772166,0.995039737883998
-1.3582689,1.6187218,4.531539,1.0322197384254366,0.08787966470909712,0.9967780261574564
-1.6187218,1.3582689,4.531539,1.0245702258111031,0.07176527557748288,0.9975429774188896
-1.8299907,1.0565456,4.531539,1.017325458903716,0.0676105569937389,0.9982674541096284
-1.9856563,0.7227198,4.531539,1.0118038385035688,0.06374132569765273,0.9988196161496431
-2.0809886,0.36693445,4.531539,1.0123975926268183,0.06015038461552757,0.9987602407373182
-2.1130912,2.5877905e-16,4.531539,1.0109010429298442,0.05783658959808103,0.9989098957070155
-2.0809886,-0.36693445,4.531539,1.0156384020129117,0.059087750350736976,0.9984361597987089
-1.9856563,-0.7227198,4.531539,1.0130785681864785,0.058078493911756776,0.998692143181352
-1.8299907,-1.0565456,4.531539,1.0246908237657915,0.06297983238427465,0.9975309176234208
-1.6187218,-1.3582689,4.531539,1.0240930268285346,0.059004560106063225,0.9975906973171466
-1.3582689,-1.6187218,4.531539,1.0313620614331291,0.060691277793719835,0.9968637938566871
-1.0565456,-1.8299907,4.531539,1.0441877873833025,0.06011703140885733,0.9955812212616697
-0.7227198,-1.9856563,4.531539,1.0586610647138186,0.07198964008678733,0.9941338935286181
-0.36693445,-2.0809886,4.531539,1.061281062089156,0.06955057475692064,0.9938718937910844
-3.8816857e-16,-2.1130912,4.531539,1.0888646333689773,0.11191014739528303,0.9911135366631022
0.36693445,-2.0809886,4.531539,1.0936711964287382,0.08829355094285582,0.9906328803571262
0.7227198,-1.9856563,4.531539,1.1035399009114955,0.10132619540101989,0.9896460099088504
-1.25,2.1650636,4.3301272,1.0932648077678966,0.2415669883015937,0.9906735192232103
-1.606969,1.9151111,4.3301272,1.0316063466713927,0.07314054658188444,0.9968393653328608
-1.9151111,1.606969,4.3301272,1.028438938674024,0.07506471884060209,0.9971561061325976
-2.1650636,1.25,4.3301272,1.019904163166691,0.06766637601939768,0.9980095836833309
-2.3492315,0.8550504,4.3301272,1.0191934937600786,0.060788885829120634,0.9980806506239922
-2.4620194,0.43412045,4.3301272,1.0131393085918052,0.061135741589988406,0.9986860691408195
-2.5,3.061617e-16,4.3301272,1.0161492654080693,0.06005980567505106,0.998385073459193
-2.4620194,-0.43412045,4.3301272,1.0190621753822768,0.05980504837684722,0.9980937824617723
-2.3492315,-0.8550504,4.3301272,1.0216992172760733,0.05723624711784342,0.9978300782723928
-2.1650636,-1.25,4.3301272,1.0230934442301858,0.055585610503993285,0.9976906555769813
-1.9151111,-1.606969,4.3301272,1.027973313567749,0.062400616566127984,0.9972026686432252
-1.606969,-1.9151111,4.3301272,1.0383971174371163,0.05860891536297065,0.9961602882562884
-1.25,-2.1650636,4.3301272,1.0481660548783824,0.06239149538027199,0.9951833945121618
-0.8550504,-2.3492315,4.3301272,1.0592881232887665,0.06673426008395085,0.9940711876711233
-0.43412045,-2.4620194,4.3301272,1.078037690639537,0.07030190318121461,0.9921962309360464
-4.592425e-16,-2.5,4.3301272,1.09224912423069,0.08743851431340902,0.990775087576931
0.43412045,-2.4620194,4.3301272,1.10954269776832,0.08896010675609897,0.9890457302231679
0.8550504,-2.3492315,4.3301272,1.1504501002835934,0.12411433273382556,0.9849549899716405
1.25,-2.1650636,4.3301272,1.2193028951903828,0.26563483612118094,0.9780697104809617
-0.98087347,2.6949277,4.0957603,1.0775269835517043,0.22207769839708896,0.9922473016448295
-1.4339411,2.4836588,4.0957603,1.0528851846941412,0.10901284674269769,0.994711481530586
-1.8434391,2.1969252,4.0957603,1.0329618595486665,0.07672889854049737,0.9967038140451333
-2.1969252,1.8434391,4.0957603,1.027440996681693,0.07077799042674827,0.9972559003318306
-2.4836588,1.4339411,4.0957603,1.0232846383042051,0.06291700840606489,0.9976715361695796
-2.6949277,0.98087347,4.0957603,1.01921410568993,0.057664120061797705,0.998078589431007
-2.8243127,0.49800253,4.0957603,1.0204740841601903,0.0582191283789473,0.997952591583981
-2.8678823,3.5121427e-16,4.0957603,1.020505843986521,0.05641257766083861,0.9979494156013479
-2.8243127,-0.49800253,4.0957603,1.0219878489749175,0.054637250013522154,0.9978012151025082
-2.6949277,-0.98087347,4.0957603,1.0272934473281878,0.058363944388381835,0.9972706552671813
-2.4836588,-1.4339411,4.0957603,1.037417655557753,0.06025943958594425,0.9962582344442247
-2.1969252,-1.8434391,4.0957603,1.0405760443331915,0.06013840290567464,0.9959423955666808
-1.8434391,-2.1969252,4.0957603,1.0595955533720407,0.13212195286830894,0.9940404446627958
-1.4339411,-2.4836588,4.0957603,1.057154357106181,0.06300497979551574,0.9942845642893818
-0.98087347,-2.6949277,4.0957603,1.069010706028843,0.06504142781936967,0.9930989293971157
-0.49800253,-2.8243127,4.0957603,1.0882390525699366,0.07120880027455981,0.9911760947430064
-5.268214e-16,-2.8678823,4.0957603,1.1137281467914117,0.0879089653948752,0.9886271853208589
0.49800253,-2.8243127,4.0957603,1.1370153401869731,0.10620352943715607,0.9862984659813027
-1.606969,2.783352,3.8302221,1.0896582179433765,0.15993326125934637,0.9910341782056623
-2.0658796,2.4620194,3.8302221,1.04592999746777,0.07491932061333699,0.995407000253223
-2.4620194,2.0658796,3.8302221,1.0329485107174758,0.06192774114750688,0.9967051489282523
-2.783352,1.606969,3.8302221,1.0269380536098076,0.058277327978727436,0.9973061946390193
-3.020114,1.0992316,3.8302221,1.0248562047613738,0.05764065735473355,0.9975143795238626
-3.165111,0.5580945,3.8302221,1.027604943197985,0.05886096898781854,0.9972395056802015
-3.213938,3.935939e-16,3.8302221,1.0302651835251129,0.0569915082126293,0.9969734816474887
-3.165111,-0.5580945,3.8302221,1.0312624400277977,0.06115319380859662,0.9968737559972203
-3.020114,-1.0992316,3.8302221,1.0357229406026949,0.056140983035805496,0.9964277059397306
-2.783352,-1.606969,3.8302221,1.0374091327202761,0.05905314836491153,0.9962590867279724
-2.4620194,-2.0658796,3.8302221,1.0464981940584737,0.0607678907310245,0.9953501805941526
-2.0658796,-2.4620194,3.8302221,1.0619164180464382,0.06714842588653279,0.9938083581953562
-1.606969,-2.783352,3.8302221,1.0696026567510903,0.06889113225545754,0.9930397343248909
-1.0992316,-3.020114,3.8302221,1.0824063448357217,0.06767956586058198,0.9917593655164278
-0.5580945,-3.165111,3.8302221,1.1045706499446417,0.07430226662491295,0.9895429350055359
3.535534,0.0,3.535534,1.9279262678771933,0.4514841308853586,0.9072073732122806
3.4818213,0.61393905,3.535534,2.17512638835909,0.4223070514436936,0.8824873611640911
3.3223152,1.2092239,3.535534,2.428731189587372,0.3837229839313103,0.8571268810412628
3.0618622,1.767767,3.535534,2.5914942034589807,0.38409003001679265,0.8408505796541019
2.2725973,2.7083762,3.535534,2.6445155708985197,0.5821523239104126,0.8355484429101481
-1.767767,3.0618622,3.535534,1.0635530958018673,0.22977896477256524,0.9936446904198133
-2.2725973,2.7083762,3.535534,1.0480579709440616,0.08072171967707573,0.9951942029055939
-2.7083762,2.2725973,3.535534,1.0348272447097213,0.06423781339911347,0.9965172755290279
-3.0618622,1.767767,3.535534,1.0360799326346417,0.06103356577744742,0.9963920067365357
-3.3223152,1.2092239,3.535534,1.0325518259846258,0.059225927403661054,0.9967448174015374
-3.4818213,0.61393905,3.535534,1.0332103924941007,0.056575194596236285,0.9966789607505898
-3.535534,4.3297802e-16,3.535534,1.0359384759178305,0.055036917272585396,0.9964061524082168
-3.4818213,-0.61393905,3.535534,1.0383014430515924,0.05909292671837074,0.9961698556948407
-3.3223152,-1.2092239,3.535534,1.042041161826456,0.057114893758802916,0.9957958838173544
-3.0618622,-1.767767,3.535534,1.0500221874301054,0.06159381799973653,0.9949977812569895
-2.7083762,-2.2725973,3.535534,1.0591152810399151,0.06501775925960751,0.9940884718960085
-2.2725973,-2.7083762,3.535534,1.0713622249640036,0.06472431067512785,0.9928637775035997
-1.767767,-3.0618622,3.535534,1.0820153827962782,0.07195709030995819,0.9917984617203721
-1.2092239,-3.3223152,3.535534,1.0968626695296881,0.07455497373099311,0.9903137330470312
-0.61393905,-3.4818213,3.535534,1.1253815789826476,0.07935810157967109,0.9874618421017353
-6.4946707e-16,-3.535534,3.535534,1.1633457654497947,0.10919519281470247,0.9836654234550206
3.8302221,0.0,3.213938,2.1449391331876693,0.1979648069351558,0.885506086681233
3.7720325,0.6651111,3.213938,2.382461523120794,0.18433940564267637,0.8617538476879206
3.5992315,1.3100132,3.213938,2.607172661332528,0.2224832685439745,0.8392827338667471
3.3170698,1.9151111,3.213938,2.8914853432177794,0.1870607139863864,0.8108514656782221
2.9341204,2.4620194,3.213938,3.1238516839371258,0.18553446428111184,0.7876148316062874
2.4620194,2.9341204,3.213938,3.3063424032620228,0.19785340112767305,0.7693657596737977
1.9151111,3.3170698,3.213938,3.3917035856841133,0.3203152000571511,0.7608296414315887
1.3100132,3.5992315,3.213938,3.2548271986547843,0.5990256040710619,0.7745172801345216
-2.4620194,2.9341204,3.213938,1.0660919384049288,0.22198286964411015,0.9933908061595071
-2.9341204,2.4620194,3.213938,1.0516671312146832,0.06911540115382957,0.9948332868785317
-3.3170698,1.9151111,3.213938,1.0407100205646493,0.0588532928988154,0.9959289979435351
-3.5992315,1.3100132,3.213938,1.04200400345891,0.05940663512525785,0.995799599654109
-3.7720325,0.6651111,3.213938,1.0411725713513202,0.06014290959666012,0.995882742864868
-3.8302221,4.6906694e-16,3.213938,1.0472057182154484,0.06355285909218192,0.9952794281784552
-3.7720325,-0.6651111,3.213938,1.0466566896848934,0.06052842957051729,0.9953343310315107
-3.5992315,-1.3100132,3.213938,1.0529759762231907,0.06286339015021009,0.9947024023776809
-3.3170698,-1.9151111,3.213938,1.0635576788018346,0.06543975540015895,0.9936442321198165
-2.9341204,-2.4620194,3.213938,1.0767006140258404,0.06583581577449546,0.9923299385974159
-2.4620194,-2.9341204,3.213938,1.0880164466804338,0.07309887611151625,0.9911983553319565
-1.9151111,-3.3170698,3.213938,1.1041442831839758,0.0791094898071443,0.9895855716816024
-1.3100132,-3.5992315,3.213938,1.1233182944977955,0.08206600472312768,0.9876681705502204
-0.6651111,-3.7720325,3.213938,1.144994367330188,0.08926033338857008,0.9855005632669812
0.6651111,-3.7720325,3.213938,1.3022456924323913,0.270603066800184,0.9697754307567609
4.0957603,0.0,2.8678823,2.2002966014438687,0.16556337474190044,0.8799703398556131
4.0335364,0.7112213,2.8678823,2.472174417980272,0.14762101622017426,0.8527825582019728
3.8487556,1.4008325,2.8678823,2.745033182597209,0.12534034969468952,0.825496681740279
3.5470324,2.0478802,2.8678823,3.031157957263879,0.13541287375849334,0.7968842042736121
3.1375344,2.632704,2.8678823,3.3103722245453273,0.11371843154964582,0.7689627775454673
2.632704,3.1375344,2.8678823,3.530556169122189,0.10267325449385177,0.7469443830877811
2.0478802,3.5470324,2.8678823,3.706738266695299,0.10522324816745937,0.7293261733304701
1.4008325,3.8487556,2.8678823,3.8261664801139292,0.17763329139721357,0.717383351988607
0.7112213,4.0335364,2.8678823,3.562382648217594,0.5193034595267105,0.7437617351782405
2.5079298e-16,4.0957603,2.8678823,2.8593468352937,0.7140530740011092,0.8140653164706301
-2.632704,3.1375344,2.8678823,1.057774561515133,0.08575584720000118,0.9942225438484866
-3.1375344,2.632704,2.8678823,1.047170114256711,0.06437588943439247,0.995282988574329
-3.5470324,2.0478802,2.8678823,1.0436683176276627,0.062200455344053995,0.9956331682372337
-3.8487556,1.4008325,2.8678823,1.049966124364161,0.06176429518492933,0.9950033875635839
-4.0335364,0.7112213,2.8678823,1.0523709528735024,0.06105277125172053,0.9947629047126497
-4.0957603,5.0158597e-16,2.8678823,1.0550660145937272,0.061413748510985355,0.9944933985406272
-4.0335364,-0.7112213,2.8678823,1.0569174845171019,0.06434442890673141,0.9943082515482897
-3.8487556,-1.4008325,2.8678823,1.069665950520493,0.06321614685887625,0.9930334049479507
-3.5470324,-2.0478802,2.8678823,1.071792831205721,0.06500831699583245,0.9928207168794279
-3.1375344,-2.632704,2.8678823,1.0836022689577818,0.07297738463264775,0.9916397731042219
-2.632704,-3.1375344,2.8678823,1.098417341811248,0.0728058799978366,0.9901582658188752
-2.0478802,-3.5470324,2.8678823,1.120677279674514,0.08293515093000084,0.9879322720325486
-1.4008325,-3.8487556,2.8678823,1.1337484685584975,0.08935943222029973,0.9866251531441502
-0.7112213,-4.0335364,2.8678823,1.1677253369126102,0.10078257186626727,0.9832274663087389
-7.523789e-16,-4.0957603,2.8678823,1.252396366706605,0.15326577186446091,0.9747603633293395
3.5470324,-2.0478802,2.8678823,1.8131446401731752,0.12727181408062588,0.9186855359826825
3.8487556,-1.4008325,2.8678823,1.898807522792948,0.11388557827693367,0.9101192477207052
4.0335364,-0.7112213,2.8678823,1.9889028438735945,0.14169313408412465,0.9011097156126405
4.3301272,0.0,2.5,2.2218251762439483,0.11648559736038408,0.8778174823756052
4.264343,0.7519187,2.5,2.5356564040653065,0.10568104168067602,0.8464343595934694
4.0689883,1.4809906,2.5,2.840353196204238,0.11617088456012899,0.8159646803795763
3.75,2.1650636,2.5,3.168694273488262,0.1116429703082046,0.7831305726511738
3.3170698,2.783352,2.5,3.45289226814092,0.12949169453725748,0.7547107731859081
2.783352,3.3170698,2.5,3.693302576764396,0.09742433326045127,0.7306697423235604
2.1650636,3.75,2.5,3.883049320261163,0.0843288402502132,0.7116950679738837
1.4809906,4.0689883,2.5,4.018609129954926,0.10249505194086551,0.6981390870045074
0.7519187,4.264343,2.5,4.097473489214231,0.22113098691552355,0.6902526510785769
2.651438e-16,4.3301272,2.5,3.677437003484636,0.6901282033507365,0.7322562996515364
-3.3170698,2.783352,2.5,1.0464507880954022,0.07279613343965476,0.9953549211904598
-3.75,2.1650636,2.5,1.0487213895828118,0.06325354553962585,0.9951278610417187
-4.0689883,1.4809906,2.5,1.0543549028186905,0.060859507356213045,0.9945645097181309
-4.264343,0.7519187,2.5,1.0569906884325355,0.06252608439451482,0.9943009311567466
-4.3301272,5.302876e-16,2.5,1.0656869255849564,0.06069932382162094,0.9934313074415044
-4.264343,-0.7519187,2.5,1.0698379540301628,0.06428207544507042,0.9930162045969837
-4.0689883,-1.4809906,2.5,1.0773085329037895,0.06663205635341798,0.9922691467096211
-3.75,-2.1650636,2.5,1.08104686194108,0.06882952004787088,0.9918953138058921
-3.3170698,-2.783352,2.5,1.0916002806068625,0.07288943367329628,0.9908399719393138
-2.783352,-3.3170698,2.5,1.1126770890448405,0.07588383377683922,0.988732291095516
-2.1650636,-3.75,2.5,1.1340674829805208,0.08594685724244375,0.9865932517019479
-1.4809906,-4.0689883,2.5,1.1501258981689524,0.09545808200289513,0.9849874101831049
-0.7519187,-4.264343,2.5,1.2002389088406482,0.11556640703705791,0.9799761091159352
3.3170698,-2.783352,2.5,1.8255779376005257,0.08495392724081104,0.9174422062399474
3.75,-2.1650636,2.5,1.8498332641574764,0.07967686100673622,0.9150166735842523
4.0689883,-1.4809906,2.5,1.9298271820811672,0.08441392324491272,0.9070172817918832
4.264343,-0.7519187,2.5,2.0336051547172693,0.10165747350887416,0.896639484528273
4.531539,0.0,2.1130912,2.2731748832050975,0.0969970246285938,0.8726825116794903
4.4626946,0.7868935,2.1130912,2.614138015865023,0.08037959551129838,0.8385861984134977
4.2582536,1.5498776,2.1130912,2.9396993728935508,0.08822110474736065,0.806030062710645
3.9244277,2.2657695,2.1130912,3.263889446770284,0.15000032655368895,0.7736110553229716
3.4713602,2.912817,2.1130912,3.6103467987792888,0.08224979356562624,0.7389653201220712
2.912817,3.4713602,2.1130912,3.864331415519206,0.08436133870847602,0.7135668584480793
2.2657695,3.9244277,2.1130912,4.067135116916458,0.08016476919927541,0.6932864883083542
1.5498776,4.2582536,2.1130912,4.2076129211575415,0.08027638719244512,0.6792387078842459
0.7868935,4.4626946,2.1130912,4.308118446053478,0.09962946428696148,0.6691881553946522
2.7747674e-16,4.531539,2.1130912,4.375394365281417,0.3136895515193427,0.6624605634718583
-3.4713602,2.912817,2.1130912,1.0873927099167622,0.1776738100993476,0.9912607290083237
-3.9244277,2.2657695,2.1130912,1.056180786626358,0.08026193012949277,0.9943819213373641
-4.2582536,1.5498776,2.1130912,1.0569296778475952,0.06723507679101316,0.9943070322152405
-4.4626946,0.7868935,2.1130912,1.068230687828951,0.0631535374867842,0.9931769312171049
-4.531539,5.549535e-16,2.1130912,1.0743138112990056,0.06405037640902189,0.9925686188700995
-4.4626946,-0.7868935,2.1130912,1.0744803128599554,0.06836745247510916,0.9925519687140044
-4.2582536,-1.5498776,2.1130912,1.0831393377965899,0.06967267593398402,0.9916860662203411
-3.9244277,-2.2657695,2.1130912,1.085485996134536,0.07071891716780321,0.9914514003865463
-3.4713602,-2.912817,2.1130912,1.1047554028402025,0.07257481229064461,0.9895244597159797
-2.912817,-3.4713602,2.1130912,1.1244072300671077,0.07980954449669382,0.9875592769932892
-2.2657695,-3.9244277,2.1130912,1.143144268958105,0.08622508889312483,0.9856855731041895
-1.5498776,-4.2582536,2.1130912,1.1794811223981883,0.10086008599893675,0.9820518877601812
-0.7868935,-4.4626946,2.1130912,1.2128173788059489,0.14441564176692773,0.978718262119405
3.4713602,-2.912817,2.1130912,1.8595673924181164,0.0768452354147864,0.9140432607581884
3.9244277,-2.2657695,2.1130912,1.8829147061276394,0.07208645076070483,0.911708529387236
4.2582536,-1.5498776,2.1130912,1.9582606522638355,0.07040379695926582,0.9041739347736165
4.4626946,-0.7868935,2.1130912,2.0572615585769767,0.10220682004506715,0.8942738441423023
4.698463,0.0,1.7101008,2.390770698557018,0.09041842728144288,0.8609229301442982
4.627083,0.8158796,1.7101008,2.7305243490448143,0.09058429006004007,0.8269475650955187
4.415111,1.606969,1.7101008,3.06418459542256,0.07277693361500168,0.793581540457744
4.0689883,2.3492315,1.7101008,3.3841964788650083,0.09563085492162274,0.7615803521134992
3.5992315,3.020114,1.7101008,3.7411489286854813,0.1014599798487213,0.7258851071314518
3.020114,3.5992315,1.7101008,4.027298086792549,0.09972454394894446,0.6972701913207451
2.3492315,4.0689883,1.7101008,4.2401713943455706,0.08074606569934256,0.675982860565443
1.606969,4.415111,1.7101008,4.397294813277125,0.0810339741582236,0.6602705186722875
0.8158796,4.627083,1.7101008,4.517296930329313,0.0905700717810021,0.6482703069670687
2.876979e-16,4.698463,1.7101008,4.6413708329344425,0.1300299655896231,0.6358629167065557
-0.8158796,4.627083,1.7101008,4.474761805874086,0.4803584217121709,0.6525238194125914
-4.627083,0.8158796,1.7101008,1.076705718619961,0.07096251297943684,0.992329428138004
-4.698463,5.753958e-16,1.7101008,1.0775088893289937,0.07375071981737413,0.9922491110671006
-4.627083,-0.8158796,1.7101008,1.0806169506199168,0.07403240363847313,0.9919383049380084
-4.415111,-1.606969,1.7101008,1.086187229410462,0.07742110839606581,0.9913812770589537
-4.0689883,-2.3492315,1.7101008,1.0965843900405674,0.07422863339340666,0.9903415609959433
-3.5992315,-3.020114,1.7101008,1.107556538141747,0.07684385344718883,0.9892443461858254
-3.020114,-3.5992315,1.7101008,1.130406187046339,0.0811311831585531,0.986959381295366
-2.3492315,-4.0689883,1.7101008,1.157179736756019,0.09179527320437918,0.9842820263243981
-1.606969,-4.415111,1.7101008,1.1866056286276818,0.09641567162012589,0.9813394371372318
-0.8158796,-4.627083,1.7101008,1.2353839417128427,0.12801559322423128,0.9764616058287157
3.020114,-3.5992315,1.7101008,1.9171500210454628,0.10707773437570464,0.9082849978954537
3.5992315,-3.020114,1.7101008,1.9035699999042828,0.0781497383456672,0.9096430000095717
4.0689883,-2.3492315,1.7101008,1.9280889155888823,0.0684733318196573,0.9071911084411118
4.415111,-1.606969,1.7101008,1.994566662343647,0.06781520119742497,0.9005433337656352
4.627083,-0.8158796,1.7101008,2.099159711932427,0.09125041392915896,0.8900840288067574
4.829629,0.0,1.2940953,2.5190419281587615,0.1003693198249837,0.8480958071841238
4.756256,0.8386563,1.2940953,2.8836847517058364,0.07612029964508012,0.8116315248294164
4.538367,1.6518304,1.2940953,3.23109804990338,0.0726132874989628,0.7768901950096619
4.1825814,2.4148145,1.2940953,3.5117966389354844,0.1427413673262318,0.7488203361064516
3.6997106,3.1044257,1.2940953,3.9351378643688997,0.16631709908443182,0.70648621356311
3.1044257,3.6997106,1.2940953,4.340138350622439,0.1050697766189035,0.6659861649377561
2.4148145,4.1825814,1.2940953,4.614090769963943,0.08755033394040149,0.6385909230036056
1.6518304,4.538367,1.2940953,4.832931236083756,0.0773074456172035,0.6167068763916244
0.8386563,4.756256,1.2940953,4.969406021674955,0.08810406975327711,0.6030593978325045
2.9572948e-16,4.829629,1.2940953,5.0347289785966876,0.097829880646702,0.5965271021403312
-0.8386563,4.756256,1.2940953,4.889118944803765,0.5048714425295626,0.6110881055196236
-4.829629,5.9145897e-16,1.2940953,1.0957881881617837,0.09026232709480767,0.9904211811838216
-4.756256,-0.8386563,1.2940953,1.0878256036089737,0.08701888998678547,0.9912174396391027
-4.538367,-1.6518304,1.2940953,1.0935287859361187,0.0892348260258417,0.9906471214063881
-4.1825814,-2.4148145,1.2940953,1.0967662087020857,0.15442445880130906,0.9903233791297914
-3.6997106,-3.1044257,1.2940953,1.1103782959217026,0.08542563277794307,0.9889621704078297
-3.1044257,-3.6997106,1.2940953,1.119181436292954,0.1072040642033205,0.9880818563707046
-2.4148145,-4.1825814,1.2940953,1.1531401514059285,0.10231298060234037,0.9846859848594072
3.1044257,-3.6997106,1.2940953,1.9581416574302717,0.09622489489454016,0.9041858342569729
3.6997106,-3.1044257,1.2940953,1.945839735354209,0.0830629962122446,0.9054160264645791
4.1825814,-2.4148145,1.2940953,1.9739080482794822,0.06881637724792859,0.9026091951720518
4.538367,-1.6518304,1.2940953,2.0490282340181425,0.06129953136431484,0.8950971765981859
4.756256,-0.8386563,1.2940953,2.171408739644339,0.0933645615993681,0.8828591260355662
4.924039,0.0,0.8682409,2.729778654620756,0.1330313611100951,0.8270221345379245
4.8492317,0.8550504,0.8682409,3.1796464801583935,0.08344578947433046,0.7820353519841607
4.627083,1.6841204,0.8682409,3.4582979065274855,0.18253349664831822,0.7541702093472514
4.264343,2.4620194,0.8682409,3.82240018909704,0.26791910877259456,0.7177599810902959
3.7720325,3.165111,0.8682409,4.3906027004495725,0.23297404151573453,0.6609397299550428
3.165111,3.7720325,0.8682409,4.871716796729126,0.09684087579866393,0.6128283203270873
2.4620194,4.264343,0.8682409,5.172059560422014,0.0743289959811845,0.5827940439577987
1.6841204,4.627083,0.8682409,5.38317795368091,0.06432910846940668,0.561682204631909
0.8550504,4.8492317,0.8682409,5.5259510080902094,0.07326111498031389,0.547404899190979
3.015104e-16,4.924039,0.8682409,5.579628679252784,0.09604530695205313,0.5420371320747216
-0.8550504,4.8492317,0.8682409,5.552510094025826,0.2137714235212157,0.5447489905974174
-4.8492317,0.8550504,0.8682409,1.0914006444868396,0.2165159272318331,0.9908599355513161
-4.924039,6.030208e-16,0.8682409,1.1261373514309119,0.11241483543429186,0.9873862648569087
-4.8492317,-0.8550504,0.8682409,1.103478146065254,0.09734131938250896,0.9896521853934747
-4.627083,-1.6841204,0.8682409,1.095666729820845,0.09229922655793459,0.9904333270179155
-4.264343,-2.4620194,0.8682409,1.1031762360529136,0.10020181748714625,0.9896823763947087
-3.7720325,-3.165111,0.8682409,1.1079135061552767,0.0999397421921482,0.9892086493844723
-3.165111,-3.7720325,0.8682409,1.1280730889390567,0.09690642105214087,0.9871926911060942
-2.4620194,-4.264343,0.8682409,1.1142865258255188,0.20785689067692442,0.9885713474174482
3.7720325,-3.165111,0.8682409,2.0126088018432675,0.0849743929737734,0.8987391198156732
4.264343,-2.4620194,0.8682409,2.0394240267020636,0.06818171066240736,0.8960575973297937
4.627083,-1.6841204,0.8682409,2.115871894838384,0.06755811937060728,0.8884128105161615
4.8492317,-0.8550504,0.8682409,2.279171300988289,0.10441008327653867,0.8720828699011711
4.9809737,0.0,0.4357787,3.0879620453022443,0.13146275359261494,0.7912037954697755
4.905301,0.86493695,0.4357787,3.4387400274736746,0.2199283265943595,0.7561259972526326
4.680584,1.7035933,0.4357787,3.814742582221398,0.28070464073427204,0.7185257417778602
4.3136497,2.4904869,0.4357787,4.402446551777603,0.31285800644975387,0.6597553448222397
3.8156471,3.201708,0.4357787,5.013581776654532,0.19723972868402828,0.5986418223345468
3.201708,3.8156471,0.4357787,5.44212289032229,0.12019076359966993,0.555787710967771
2.4904869,4.3136497,0.4357787,5.759894140567673,0.08790983601350333,0.5240105859432327
1.7035933,4.680584,0.4357787,5.96513324051728,0.06995758939782956,0.503486675948272
0.86493695,4.905301,0.4357787,6.0805201970464156,0.07402013153188772,0.49194798029535847
3.0499666e-16,4.9809737,0.4357787,6.12102078725631,0.0877982455972379,0.48789792127436904
-0.86493695,4.905301,0.4357787,6.034506294883282,0.3017998496735413,0.4965493705116718
-1.7035933,4.680584,0.4357787,5.431005276809486,0.6348297808542288,0.5568994723190513
-4.905301,-0.86493695,0.4357787,1.1290504575154043,0.18785527374884675,0.9870949542484595
-3.8156471,-3.201708,0.4357787,1.106138493736936,0.10600899228261901,0.9893861506263064
-3.201708,-3.8156471,0.4357787,1.1163083840861598,0.10648380763539184,0.988369161591384
3.8156471,-3.201708,0.4357787,2.0842361566960776,0.08165749153568502,0.8915763843303923
4.3136497,-2.4904869,0.4357787,2.1248670927505584,0.06976949645806386,0.8875132907249441
4.680584,-1.7035933,0.4357787,2.1902782731975634,0.07297799707362632,0.8809721726802436
4.905301,-0.86493695,0.4357787,2.5461720088590747,0.14212797150145157,0.8453827991140926
5.0,0.0,3.061617e-16,3.374072874359105,0.21936060620388817,0.7625927125640894
4.924039,0.8682409,3.061617e-16,3.7913605578992233,0.336557841602237,0.7208639442100777
4.698463,1.7101008,3.061617e-16,4.438140118527133,0.38054266136080755,0.6561859881472867
4.3301272,2.5,3.061617e-16,5.0531710893496795,0.34776379891249803,0.594682891065032
3.8302221,3.213938,3.061617e-16,5.598589279439177,0.2712615070793608,0.5401410720560823
3.213938,3.8302221,3.061617e-16,6.045502049567486,0.12051086740275861,0.4954497950432514
2.5,4.3301272,3.061617e-16,6.344297914907673,0.09883049885926605,0.4655702085092327
1.7101008,4.698463,3.061617e-16,6.546807631189442,0.08044586960719287,0.4453192368810558
0.8682409,4.924039,3.061617e-16,6.6513432595572235,0.07208522165406596,0.4348656740442777
3.061617e-16,5.0,3.061617e-16,6.681814471398345,0.07913349277701547,0.43181855286016546
-0.8682409,4.924039,3.061617e-16,6.633086646281786,0.13858362333822682,0.4366913353718214
-1.7101008,4.698463,3.061617e-16,6.147426608434519,0.5161720880632844,0.4852573391565481
3.213938,-3.8302221,3.061617e-16,2.048011579836508,0.4648472352122212,0.8951988420163491
3.8302221,-3.213938,3.061617e-16,2.241786363204249,0.09664708174581325,0.8758213636795752
4.3301272,-2.5,3.061617e-16,2.255090918485683,0.09070018885788879,0.8744909081514317
4.698463,-1.7101008,3.061617e-16,2.3492679960095253,0.11016982314897042,0.8650732003990476
4.924039,-0.8682409,3.061617e-16,2.8957298522948722,0.14952513603668466,0.8104270147705128
4.9809737,0.0,-0.4357787,3.638249255863475,0.36860388785185744,0.7361750744136526
4.905301,0.86493695,-0.4357787,4.3202502523158115,0.47477802312924566,0.6679749747684188
4.680584,1.7035933,-0.4357787,5.051599962889007,0.4503976822697155,0.5948400037110992
4.3136497,2.4904869,-0.4357787,5.619775559490499,0.38934983253852207,0.5380224440509501
3.201708,3.8156471,-0.4357787,6.56718350485464,0.31084123245810663,0.443281649514536
2.4904869,4.3136497,-0.4357787,6.935914749847537,0.09181106867099464,0.40640852501524627
1.7035933,4.680584,-0.4357787,7.129338877372064,0.0786046658360292,0.38706611226279364
0.86493695,4.905301,-0.4357787,7.2179773955068764,0.07475917803434672,0.3782022604493124
3.0499666e-16,4.9809737,-0.4357787,7.216455286715694,0.07445700700786216,0.37835447132843064
-0.86493695,4.905301,-0.4357787,7.1723809845361615,0.09285100762874973,0.38276190154638384
-1.7035933,4.680584,-0.4357787,6.861089745633338,0.5119527962569325,0.4138910254366662
-2.4904869,4.3136497,-0.4357787,5.011531755688221,1.021018981257435,0.5988468244311779
3.8156471,-3.201708,-0.4357787,2.446340870724099,0.10597216612519822,0.8553659129275901
4.3136497,-2.4904869,-0.4357787,2.450538018057683,0.10363299070837181,0.8549461981942317
4.680584,-1.7035933,-0.4357787,2.59878967540137,0.17917549405779792,0.8401210324598629
4.905301,-0.86493695,-0.4357787,3.221433912146402,0.24123998558627335,0.7778566087853598
4.924039,0.0,-0.8682409,4.3117518895217355,0.4934722195088013,0.6688248110478264
4.8492317,0.8550504,-0.8682409,4.997284813870008,0.49772384931157004,0.6002715186129992
4.627083,1.6841204,-0.8682409,5.525797034436782,0.6209017115163298,0.5474202965563217
4.264343,2.4620194,-0.8682409,6.186187074986636,0.43446331676733174,0.48138129250133643
3.165111,3.7720325,-0.8682409,7.192134500199206,0.17379093214076255,0.38078654998007944
2.4620194,4.264343,-0.8682409,7.51737552918947,0.09078538254374527,0.348262447081053
1.6841204,4.627083,-0.8682409,7.6840004536138355,0.07545379924220547,0.33159995463861647
0.8550504,4.8492317,-0.8682409,7.775168239572993,0.06711664052907275,0.32248317604270066
3.015104e-16,4.924039,-0.8682409,7.761486295630244,0.07424755688570629,0.32385137043697554
-0.8550504,4.8492317,-0.8682409,7.725072682519728,0.1137114183130241,0.32749273174802723
-1.6841204,4.627083,-0.8682409,7.51983625533454,0.45074368169043594,0.348016374466546
-2.4620194,4.264343,-0.8682409,5.547627696420596,0.9279141341308912,0.5452372303579404
4.627083,-1.6841204,-0.8682409,3.0287758113064007,0.3190755043793185,0.7971224188693599
4.8492317,-0.8550504,-0.8682409,3.5108021941865264,0.4056365429185349,0.7489197805813473
4.829629,0.0,-1.2940953,5.066481676017774,0.4511115740766785,0.5933518323982226
4.756256,0.8386563,-1.2940953,5.303986550211389,0.9162032749050998,0.5696013449788611
4.538367,1.6518304,-1.2940953,5.837882889329541,0.9031305008034076,0.5162117110670459
4.1825814,2.4148145,-1.2940953,6.584229064207203,0.6105922680070393,0.4415770935792797
3.6997106,3.1044257,-1.2940953,6.938579588329784,1.2824331219034562,0.40614204116702163
3.1044257,3.6997106,-1.2940953,7.7335994728152215,0.2205273078897934,0.32664005271847785
2.4148145,4.1825814,-1.2940953,8.056064346937239,0.09162130353858934,0.2943935653062761
1.6518304,4.538367,-1.2940953,8.224695513689065,0.06894608978438586,0.2775304486310935
0.8386563,4.756256,-1.2940953,8.298624376380014,0.06531864304855149,0.27013756236199865
2.9572948e-16,4.829629,-1.2940953,8.262079523554528,0.08102878171702661,0.27379204764454723
-0.8386563,4.756256,-1.2940953,8.250425939905512,0.0953791485893625,0.27495740600944885
-1.6518304,4.538367,-1.2940953,8.094239917373065,0.313439452001964,0.29057600826269353
4.1825814,-2.4148145,-1.2940953,3.0577663164522546,0.4645317388892171,0.7942233683547746
4.538367,-1.6518304,-1.2940953,3.5439632237942824,0.43940243079416363,0.7456036776205718
4.756256,-0.8386563,-1.2940953,4.311130396633036,0.521721266407875,0.6688869603366964
4.698463,0.0,-1.7101008,5.513857934548271,0.6220912446277314,0.5486142065451729
4.415111,1.606969,-1.7101008,6.006232528225921,1.1042991838095604,0.49937674717740793
3.5992315,3.020114,-1.7101008,7.771149846556119,0.5176740339172999,0.3228850153443881
3.020114,3.5992315,-1.7101008,8.286509223287554,0.139086432404358,0.27134907767124455
2.3492315,4.0689883,-1.7101008,8.572024533938729,0.08463754239845643,0.24279754660612712
1.606969,4.415111,-1.7101008,8.723841333554581,0.06557185951807089,0.22761586664454186
0.8158796,4.627083,-1.7101008,8.784216150192872,0.06888800621868538,0.22157838498071278
2.876979e-16,4.698463,-1.7101008,8.754841501933768,0.07719968324747305,0.22451584980662317
-0.8158796,4.627083,-1.7101008,8.742170738589959,0.09266258047091215,0.22578292614100412
-1.606969,4.415111,-1.7101008,8.636888971214187,0.24459719361440466,0.2363111028785813
-2.3492315,4.0689883,-1.7101008,7.33333999799803,0.8705305622742563,0.366666000200197
4.0689883,-2.3492315,-1.7101008,3.6506991170971697,0.5555756425193393,0.7349300882902831
4.415111,-1.606969,-1.7101008,4.409563948001044,0.5126339611619476,0.6590436051998956
4.627083,-0.8158796,-1.7101008,5.0547771033328655,0.5277897915060363,0.5945222896667135
4.531539,0.0,-2.1130912,6.043454052453621,0.5284656180223172,0.4956545947546379
4.2582536,1.5498776,-2.1130912,6.990729101821658,0.780416252726916,0.4009270898178342
3.9244277,2.2657695,-2.1130912,7.407783108968442,1.0915056298393733,0.35922168910315583
3.4713602,2.912817,-2.1130912,8.3217059743665,0.5674580791066077,0.26782940256334997
2.912817,3.4713602,-2.1130912,8.781019346410938,0.1275823241670573,0.22189806535890622
2.2657695,3.9244277,-2.1130912,9.041982020797592,0.07338644730345084,0.1958017979202408
1.5498776,4.2582536,-2.1130912,9.178337623099408,0.06510640791173927,0.18216623769005924
0.7868935,4.4626946,-2.1130912,9.24771700543564,0.07161071144540372,0.1752282994564361
2.7747674e-16,4.531539,-2.1130912,9.247611957661082,0.08663784080597314,0.1752388042338918
-0.7868935,4.4626946,-2.1130912,9.18882136045167,0.15533578607446874,0.18111786395483306
-1.5498776,4.2582536,-2.1130912,9.125109562645669,0.23820406187407242,0.18748904373543313
-2.2657695,3.9244277,-2.1130912,8.368498536818786,0.6869178552671098,0.26315014631812145
3.4713602,-2.912817,-2.1130912,3.6444918754783084,0.9092031402000296,0.7355508124521691
3.9244277,-2.2657695,-2.1130912,4.612391653262538,0.5016194075495856,0.6387608346737462
4.2582536,-1.5498776,-2.1130912,5.10012908003091,0.5286797976170794,0.589987091996909
4.4626946,-0.7868935,-2.1130912,5.464698104189041,0.6262698468735128,0.5535301895810959
4.3301272,0.0,-2.5,6.492572839717877,0.6051667540523005,0.45074271602821236
4.264343,0.7519187,-2.5,6.996367080060771,0.634384952847911,0.40036329199392295
4.0689883,1.4809906,-2.5,7.409917696175683,0.8354102265349761,0.3590082303824317
3.75,2.1650636,-2.5,8.22587171431718,0.5323015361182214,0.2774128285682821
3.3170698,2.783352,-2.5,8.942407564252989,0.13091626498830958,0.20575924357470116
2.783352,3.3170698,-2.5,9.230988057132127,0.08706995936807332,0.17690119428678736
2.1650636,3.75,-2.5,9.444553003677651,0.08880153016614677,0.15554469963223488
1.4809906,4.0689883,-2.5,9.614146172472585,0.06797780356588236,0.13858538275274146
0.7519187,4.264343,-2.5,9.695423837964812,0.07568793661591179,0.13045761620351878
2.651438e-16,4.3301272,-2.5,9.687106925444134,0.08618048751200012,0.13128930745558662
-0.7519187,4.264343,-2.5,9.642037209495735,0.0956937263028862,0.13579627905042652
-1.4809906,4.0689883,-2.5,9.308658528480855,0.5039308108210071,0.1691341471519145
-2.1650636,3.75,-2.5,7.799964654892999,1.0750664624249047,0.3200035345107001
-2.783352,3.3170698,-2.5,6.990265096438387,1.1242501348606115,0.4009734903561613
3.3170698,-2.783352,-2.5,4.800491379070975,0.5115249806607041,0.6199508620929025
3.75,-2.1650636,-2.5,5.327387104826664,0.4741912582048282,0.5672612895173337
4.0689883,-1.4809906,-2.5,5.72394542190962,0.5011150080040256,0.527605457809038
4.264343,-0.7519187,-2.5,5.714809672290878,0.9498918755333852,0.5285190327709122
3.1375344,2.632704,-2.8678823,9.341317584292854,0.1476571628189905,0.1658682415707146
2.632704,3.1375344,-2.8678823,9.607397340619686,0.17306857264192707,0.1392602659380314
2.0478802,3.5470324,-2.8678823,9.8508798836362,0.10117024555178299,0.11491201163638003
1.4008325,3.8487556,-2.8678823,10.00132689430691,0.07637012808465449,0.099867310569309
0.7112213,4.0335364,-2.8678823,10.070351258525696,0.09059277172289194,0.09296487414743045
2.5079298e-16,4.0957603,-2.8678823,10.070008319840337,0.09136303834502747,0.0929991680159663
-0.7112213,4.0335364,-2.8678823,10.000525442313888,0.1041376890627388,0.09994745576861117
-1.4008325,3.8487556,-2.8678823,9.589694574979365,0.7989315419740484,0.14103054250206348
3.1375344,-2.632704,-2.8678823,5.038509002572915,1.052469506007862,0.5961490997427086
3.5470324,-2.0478802,-2.8678823,5.723231772315672,0.6234962244101326,0.5276768227684328
3.8487556,-1.4008325,-2.8678823,5.912788377070394,0.8081223131370564,0.5087211622929606
4.0335364,-0.7112213,-2.8678823,6.407217217848453,0.6109574041575809,0.45927827821515466
3.5992315,1.3100132,-3.213938,8.440821727360238,0.6881716425519326,0.25591782726397627
3.3170698,1.9151111,-3.213938,9.259153051814357,0.45472810459091323,0.1740846948185643
2.9341204,2.4620194,-3.213938,9.73098516223096,0.1075971753144132,0.12690148377690402
2.4620194,2.9341204,-3.213938,9.993286896829751,0.09172748146328592,0.10067131031702488
1.9151111,3.3170698,-3.213938,10.203677318928344,0.08204146493309655,0.07963226810716559
1.3100132,3.5992315,-3.213938,10.334993938422345,0.0901996798356954,0.0665006061577655
0.6651111,3.7720325,-3.213938,10.404328833045755,0.09772155158680061,0.05956711669542454
2.3453347e-16,3.8302221,-3.213938,10.41123763669405,0.098827762437737,0.05887623633059498
-0.6651111,3.7720325,-3.213938,10.259225544325188,0.4247619364640865,0.07407744556748116
-1.3100132,3.5992315,-3.213938,8.897564194940172,1.4194808996944994,0.21024358050598285
-1.9151111,3.3170698,-3.213938,8.855075921482195,1.065698353365729,0.21449240785178053
-2.4620194,2.9341204,-3.213938,7.97885105096118,1.1549260251145512,0.302114894903882
2.9341204,-2.4620194,-3.213938,5.3407624849572555,1.0949864456635203,0.5659237515042744
3.3170698,-1.9151111,-3.213938,6.3448060484289535,0.5603472387092058,0.46551939515710467
3.5992315,-1.3100132,-3.213938,6.406923417200036,0.5868631441097573,0.45930765827999637
3.7720325,-0.6651111,-3.213938,6.4606750390367775,0.7038814058478985,0.45393249609632225
3.535534,0.0,-3.535534,7.590750791664561,0.7726223392083889,0.34092492083354387
3.3223152,1.2092239,-3.535534,8.932309310137,0.6637293617513099,0.20676906898629993
3.0618622,1.767767,-3.535534,9.718236055805445,0.2669072898201409,0.12817639441945552
2.7083762,2.2725973,-3.535534,9.99769703939511,0.33694452503909617,0.10023029606048901
2.2725973,2.7083762,-3.535534,10.31165560421071,0.10298216907232108,0.06883443957892901
1.767767,3.0618622,-3.535534,10.504072340652964,0.09342982678625615,0.04959276593470356
1.2092239,3.3223152,-3.535534,10.630058993078604,0.10307368410019664,0.03699410069213958
0.61393905,3.4818213,-3.535534,10.67924731297743,0.10680591107740879,0.03207526870225692
2.1648901e-16,3.535534,-3.535534,10.673806678419636,0.19066820239620788,0.032619332158036404
-0.61393905,3.4818213,-3.535534,10.42570050796369,0.6908833853420548,0.05742994920363102
-1.2092239,3.3223152,-3.535534,9.756571991282467,1.215851568276616,0.12434280087175331
-1.767767,3.0618622,-3.535534,8.092049776925226,1.7544311036086353,0.29079502230747745
3.0618622,-1.767767,-3.535534,6.192718585228185,1.1565735904983392,0.48072814147718146
3.3223152,-1.2092239,-3.535534,6.5119947142107035,0.8732308655696521,0.44880052857892966
3.4818213,-0.61393905,-3.535534,6.774320685591799,1.003984320350629,0.4225679314408201
3.213938,0.0,-3.8302221,8.235532257704794,0.6500547028047383,0.27644677422952063
3.165111,0.5580945,-3.8302221,8.27346364558791,1.1455190271595281,0.272653635441209
2.783352,1.606969,-3.8302221,9.975158554965601,0.6066194681901625,0.1024841445034399
2.4620194,2.0658796,-3.8302221,10.398739953747562,0.0938879023799308,0.060126004625243826
2.0658796,2.4620194,-3.8302221,10.588821921928945,0.10375977762672911,0.0411178078071055
1.606969,2.783352,-3.8302221,10.69997829376006,0.22847462871100485,0.03000217062399404
1.0992316,3.020114,-3.8302221,10.868271284509035,0.09964450209493832,0.013172871549096498
0.5580945,3.165111,-3.8302221,10.918945881830513,0.12042627156311801,0.00810541181694866
1.9679695e-16,3.213938,-3.8302221,10.920725586325355,0.13057903907451096,0.00792744136746446
-1.0992316,3.020114,-3.8302221,10.157892993735167,1.09495039863295,0.08421070062648325
-2.0658796,2.4620194,-3.8302221,7.967810885169266,1.7108971936921802,0.3032189114830734
3.020114,-1.0992316,-3.8302221,6.683075359457905,0.9092304387877594,0.4316924640542095
3.165111,-0.5580945,-3.8302221,6.993166119191947,1.0566749264072237,0.4006833880808053
2.8678823,0.0,-4.0957603,8.20563116923091,1.1424984268503262,0.27943688307690895
2.8243127,0.49800253,-4.0957603,8.83051517220749,0.9086635563261642,0.21694848277925108
2.4836588,1.4339411,-4.0957603,10.451128277683303,0.11538854229035352,0.05488717223166972
2.1969252,1.8434391,-4.0957603,10.430153491723978,0.5798881747700226,0.05698465082760222
1.8434391,2.1969252,-4.0957603,10.785345249293973,0.22449563259831226,0.021465475070602657
1.4339411,2.4836588,-4.0957603,10.956189766194298,0.11425184637976328,0.0043810233805702484
0.98087347,2.6949277,-4.0957603,11.038089093790663,0.11866731026778578,-0.0038089093790663496
0.49800253,2.8243127,-4.0957603,10.870280045838983,0.6383457261771197,0.012971995416101657
1.7560714e-16,2.8678823,-4.0957603,10.348208973152259,1.3352688974006646,0.06517910268477412
-0.49800253,2.8243127,-4.0957603,9.91066772003905,2.061443661240726,0.10893322799609492
-0.98087347,2.6949277,-4.0957603,8.769130824329666,1.6344489766481036,0.22308691756703336
-1.4339411,2.4836588,-4.0957603,8.369654272587841,1.5737660242924165,0.2630345727412159
-1.8434391,2.1969252,-4.0957603,8.471097980274623,1.3140057276168282,0.25289020197253775
2.1969252,-1.8434391,-4.0957603,6.258174672193919,1.3237678579667134,0.4741825327806081
2.4836588,-1.4339411,-4.0957603,6.333341746077341,1.1183642003889136,0.46666582539226587
2.6949277,-0.98087347,-4.0957603,7.222567751052658,0.8405608845437051,0.3777432248947342
2.8243127,-0.49800253,-4.0957603,7.426934434579257,1.0024911321355037,0.35730655654207427
2.4620194,0.43412045,-4.3301272,8.916569465194021,0.8958349535335541,0.2083430534805979
2.1650636,1.25,-4.3301272,10.078029943170462,0.7448242026884224,0.09219700568295383
1.9151111,1.606969,-4.3301272,9.98254411069585,1.4710886697316004,0.10174558893041503
1.606969,1.9151111,-4.3301272,10.5485996836723,1.0299579711214357,0.04514003163276996
1.25,2.1650636,-4.3301272,10.951575899105181,0.45888615364363744,0.004842410089481853
0.8550504,2.3492315,-4.3301272,9.430564592840707,2.1786736052958973,0.15694354071592934
1.5308085e-16,2.5,-4.3301272,9.687793872354458,2.2517195841428297,0.13122061276455418
-0.43412045,2.4620194,-4.3301272,9.068676359527572,1.3150804830088298,0.1931323640472428
-1.25,2.1650636,-4.3301272,8.726151899038392,2.151314057057039,0.2273848100961608
1.9151111,-1.606969,-4.3301272,6.457522517350765,1.3132689880461461,0.45424774826492353
2.0809886,0.36693445,-4.531539,8.697673595169379,1.0840948942714348,0.23023264048306213
1.8299907,1.0565456,-4.531539,9.029558365062362,1.721092567992436,0.19704416349376377
1.6187218,1.3582689,-4.531539,9.596066331975797,1.5373141490923554,0.14039336680242034
1.3582689,1.6187218,-4.531539,10.87972930792901,0.4858279319208618,0.012027069207099039
1.0565456,1.8299907,-4.531539,10.194839824224115,1.6645155096248125,0.08051601757758853
0.7227198,1.9856563,-4.531539,9.54473839104771,1.2499241394469878,0.14552616089522896
0.36693445,2.0809886,-4.531539,9.613648688152269,1.6192428159957195,0.1386351311847731
-0.36693445,2.0809886,-4.531539,8.93889197358873,1.2131063944146891,0.20611080264112705
-1.3582689,1.6187218,-4.531539,7.946927455580343,1.5213719192239692,0.3053072544419657
-1.6187218,1.3582689,-4.531539,7.249114659196294,1.531762412640263,0.37508853408037063
1.3582689,-1.6187218,-4.531539,6.4868352134122125,1.161676009973893,0.4513164786587788
1.8299907,-1.0565456,-4.531539,6.720715642423172,1.2252446175140799,0.4279284357576828
2.0809886,-0.36693445,-4.531539,7.708326589575312,1.680239236762504,0.3291673410424688
1.7101008,0.0,-4.698463,8.027608970864847,1.463350124798063,0.2972391029135153
1.4809906,0.8550504,-4.698463,8.529614249950551,1.5774120028900849,0.24703857500494486
1.3100132,1.0992316,-4.698463,8.827527001168965,1.5200933640051755,0.21724729988310348
0.8550504,1.4809906,-4.698463,9.076799089798817,1.6380249049759112,0.19232009102011832
0.5848889,1.606969,-4.698463,9.152197022097733,1.1880360052063037,0.18478029779022673
0.29695588,1.6841204,-4.698463,9.282128612827579,1.3498960795697088,0.1717871387172421
-0.29695588,1.6841204,-4.698463,8.736156172603586,1.4478028907996694,0.2263843827396414
-0.8550504,1.4809906,-4.698463,8.587620739904972,1.2165362828097324,0.24123792600950278
-1.0992316,1.3100132,-4.698463,8.011317987112971,1.3748337718954164,0.2988682012887029
-1.4809906,0.8550504,-4.698463,7.3007764135214,1.3770263633467894,0.36992235864786
-1.6841204,0.29695588,-4.698463,6.1489888444199154,1.519148550506889,0.48510111555800844
-1.606969,-0.5848889,-4.698463,5.901816411402948,1.3018764103055673,0.5098183588597052
1.0992316,-1.3100132,-4.698463,7.185745516924756,0.9963469873985245,0.3814254483075244
1.3100132,-1.0992316,-4.698463,6.720802204888739,1.2987403840174538,0.42791977951112614
1.4809906,-0.8550504,-4.698463,6.941463313593815,1.5662453236607317,0.40585366864061856
1.6841204,-0.29695588,-4.698463,7.34648175431163,1.2997501368437754,0.365351824568837
1.274435,0.22471727,-4.829629,7.508984248713014,1.7237344003294683,0.34910157512869866
1.1207193,0.64704764,-4.829629,7.9095451753701695,1.2010070388063976,0.309045482462983
0.64704764,1.1207193,-4.829629,8.556449180269844,1.2574120529690918,0.2443550819730156
0.44260663,1.2160517,-4.829629,8.496723895359024,1.307142584744153,0.2503276104640976
0.22471727,1.274435,-4.829629,8.943392254984293,1.0928236916527732,0.20566077450157075
7.924048e-17,1.2940953,-4.829629,8.617378871931027,1.1813788850007692,0.23826211280689727
-0.64704764,1.1207193,-4.829629,8.073634393211856,1.6304631843464024,0.2926365606788144
-0.99133444,0.83182836,-4.829629,7.391901662402487,1.4492638224067877,0.3608098337597513
-1.1207193,0.64704764,-4.829629,7.681589740795716,1.243725818396243,0.3318410259204284
-1.2160517,0.44260663,-4.829629,7.3153943056425925,1.3361937841340847,0.36846056943574074
0.44260663,-1.2160517,-4.829629,5.971952285358744,1.4029303049225241,0.5028047714641256
1.2160517,-0.44260663,-4.829629,7.75110252123296,1.3022588970126205,0.324889747876704
1.274435,-0.22471727,-4.829629,8.075802147274906,1.1943822324153914,0.29241978527250934
0.43412045,0.7519187,-4.924039,8.229933825490157,1.3733444161480848,0.2770066174509843
-0.29695588,0.8158796,-4.924039,7.57619564943536,1.431890231896773,0.342380435056464
0.4357787,0.0,-4.9809737,7.9187553088849745,1.666557209007799,0.30812446911150254
0.42915827,0.07567218,-4.9809737,7.539790969755371,1.554240622392767,0.34602090302446287
0.40949804,0.1490451,-4.9809737,7.698327623995858,1.748394743506004,0.3301672376004142
0.33382586,0.28011316,-4.9809737,6.880699012119886,1.3221308307030395,0.41193009878801135
-0.28011316,0.33382586,-4.9809737,6.7879676179615425,1.3749026337237897,0.42120323820384575
-0.33382586,0.28011316,-4.9809737,7.5853466471777375,1.47885259679511,0.3414653352822262
-0.37739545,0.21788935,-4.9809737,7.286066230170722,1.3231808354716807,0.37139337698292774
-0.40949804,0.1490451,-4.9809737,7.470578567045941,1.6405533624016553,0.35294214329540596
-0.33382586,-0.28011316,-4.9809737,6.881581694986437,1.4148761076841911,0.4118418305013563
-0.1490451,-0.40949804,-4.9809737,6.58294292138909,1.4151511389092168,0.441705707861091
-0.07567218,-0.42915827,-4.9809737,7.580047046496051,1.530713570623491,0.3419952953503949
0.1490451,-0.40949804,-4.9809737,6.9663096320148075,1.6024039590349792,0.40336903679851926
0.33382586,-0.28011316,-4.9809737,7.008477521674955,1.7307358214370636,0.3991522478325045
